<?xml version="1.0" encoding="UTF-8"?>
<spdb xsi:noNamespaceSchemaLocation="../../xml/species.xsd" xmlns:xsi="http://www.w3.org/2001/XMLSchema-instance">
  <sp chemicalSymbol="Cs" name="caesium" z="-55.0000" mass="242271.8144">
    <muffinTin rmin="0.100000E-04" radius="2.2000" rinf="35.0530" radialmeshPoints="450"/>
    <atomicState n="1" l="0" kappa="1" occ="2.00000" core="true"/>
    <atomicState n="2" l="0" kappa="1" occ="2.00000" core="true"/>
    <atomicState n="2" l="1" kappa="1" occ="2.00000" core="true"/>
    <atomicState n="2" l="1" kappa="2" occ="4.00000" core="true"/>
    <atomicState n="3" l="0" kappa="1" occ="2.00000" core="true"/>
    <atomicState n="3" l="1" kappa="1" occ="2.00000" core="true"/>
    <atomicState n="3" l="1" kappa="2" occ="4.00000" core="true"/>
    <atomicState n="3" l="2" kappa="2" occ="4.00000" core="true"/>
    <atomicState n="3" l="2" kappa="3" occ="6.00000" core="true"/>
    <atomicState n="4" l="0" kappa="1" occ="2.00000" core="true"/>
    <atomicState n="4" l="1" kappa="1" occ="2.00000" core="true"/>
    <atomicState n="4" l="1" kappa="2" occ="4.00000" core="true"/>
    <atomicState n="4" l="2" kappa="2" occ="4.00000" core="false"/>
    <atomicState n="4" l="2" kappa="3" occ="6.00000" core="false"/>
    <atomicState n="5" l="0" kappa="1" occ="2.00000" core="false"/>
    <atomicState n="5" l="1" kappa="1" occ="2.00000" core="false"/>
    <atomicState n="5" l="1" kappa="2" occ="4.00000" core="false"/>
    <atomicState n="6" l="0" kappa="1" occ="1.00000" core="false"/>
    <basis>
      <default type="lapw" trialEnergy="0.1500" searchE="false"/>
      <custom l="0" type="apw+lo" trialEnergy="0.1500" searchE="true"/>
      <custom l="1" type="apw+lo" trialEnergy="0.1500" searchE="true"/>
      <custom l="2" type="apw+lo" trialEnergy="0.1500" searchE="true"/>
      <lo l="0">
        <wf matchingOrder="0" trialEnergy="0.1500" searchE="true"/>
        <wf matchingOrder="1" trialEnergy="0.1500" searchE="true"/>
        <wf matchingOrder="0" trialEnergy="-0.9872" searchE="true"/>
      </lo>
      <lo l="2">
        <wf matchingOrder="0" trialEnergy="0.1500" searchE="true"/>
        <wf matchingOrder="1" trialEnergy="0.1500" searchE="true"/>
        <wf matchingOrder="0" trialEnergy="-2.7757" searchE="true"/>
      </lo>
    </basis>
  </sp>
</spdb>
