<?xml version="1.0" encoding="UTF-8"?>
<spdb xsi:noNamespaceSchemaLocation="../../xml/species.xsd" xmlns:xsi="http://www.w3.org/2001/XMLSchema-instance">
  <sp chemicalSymbol="Es" name="einsteinium" z="-99.0000" mass="459367.8982">
    <muffinTin rmin="0.100000E-04" radius="2.2000" rinf="27.0399" radialmeshPoints="500"/>
    <atomicState n="1" l="0" kappa="1" occ="2.00000" core="true"/>
    <atomicState n="2" l="0" kappa="1" occ="2.00000" core="true"/>
    <atomicState n="2" l="1" kappa="1" occ="2.00000" core="true"/>
    <atomicState n="2" l="1" kappa="2" occ="4.00000" core="true"/>
    <atomicState n="3" l="0" kappa="1" occ="2.00000" core="true"/>
    <atomicState n="3" l="1" kappa="1" occ="2.00000" core="true"/>
    <atomicState n="3" l="1" kappa="2" occ="4.00000" core="true"/>
    <atomicState n="3" l="2" kappa="2" occ="4.00000" core="true"/>
    <atomicState n="3" l="2" kappa="3" occ="6.00000" core="true"/>
    <atomicState n="4" l="0" kappa="1" occ="2.00000" core="true"/>
    <atomicState n="4" l="1" kappa="1" occ="2.00000" core="true"/>
    <atomicState n="4" l="1" kappa="2" occ="4.00000" core="true"/>
    <atomicState n="4" l="2" kappa="2" occ="4.00000" core="true"/>
    <atomicState n="4" l="2" kappa="3" occ="6.00000" core="true"/>
    <atomicState n="4" l="3" kappa="3" occ="6.00000" core="true"/>
    <atomicState n="4" l="3" kappa="4" occ="8.00000" core="true"/>
    <atomicState n="5" l="0" kappa="1" occ="2.00000" core="true"/>
    <atomicState n="5" l="1" kappa="1" occ="2.00000" core="true"/>
    <atomicState n="5" l="1" kappa="2" occ="4.00000" core="true"/>
    <atomicState n="5" l="2" kappa="2" occ="4.00000" core="true"/>
    <atomicState n="5" l="2" kappa="3" occ="6.00000" core="true"/>
    <atomicState n="5" l="3" kappa="3" occ="6.00000" core="false"/>
    <atomicState n="5" l="3" kappa="4" occ="5.00000" core="false"/>
    <atomicState n="6" l="0" kappa="1" occ="2.00000" core="false"/>
    <atomicState n="6" l="1" kappa="1" occ="2.00000" core="false"/>
    <atomicState n="6" l="1" kappa="2" occ="4.00000" core="false"/>
    <atomicState n="7" l="0" kappa="1" occ="2.00000" core="false"/>
    <basis>
      <default type="lapw" trialEnergy="0.1500" searchE="false"/>
      <custom l="0" type="apw+lo" trialEnergy="0.1500" searchE="true"/>
      <custom l="1" type="apw+lo" trialEnergy="0.1500" searchE="true"/>
      <custom l="2" type="apw+lo" trialEnergy="0.1500" searchE="true"/>
      <custom l="3" type="apw+lo" trialEnergy="0.1500" searchE="true"/>
      <lo l="0">
        <wf matchingOrder="0" trialEnergy="0.1500" searchE="true"/>
        <wf matchingOrder="1" trialEnergy="0.1500" searchE="true"/>
        <wf matchingOrder="0" trialEnergy="-2.1315" searchE="true"/>
      </lo>
      <lo l="1">
        <wf matchingOrder="0" trialEnergy="0.1500" searchE="true"/>
        <wf matchingOrder="1" trialEnergy="0.1500" searchE="true"/>
        <wf matchingOrder="0" trialEnergy="-1.3026" searchE="true"/>
      </lo>
    </basis>
  </sp>
</spdb>
