<?xml version="1.0" encoding="UTF-8"?>
<spdb xsi:noNamespaceSchemaLocation="../../xml/species.xsd" xmlns:xsi="http://www.w3.org/2001/XMLSchema-instance">
  <sp chemicalSymbol="Li" name="lithium" z="-3.00000" mass="12652.66897">
    <muffinTin rmin="0.100000E-04" radius="1.7000" rinf="29.9495" radialmeshPoints="250"/>
    <atomicState n="1" l="0" kappa="1" occ="2.00000" core="false"/>
    <atomicState n="2" l="0" kappa="1" occ="1.00000" core="false"/>
    <basis>
      <default type="lapw" trialEnergy="0.1500" searchE="false"/>
      <custom l="0" type="apw+lo" trialEnergy="0.1500" searchE="true"/>
      <lo l="0">
        <wf matchingOrder="0" trialEnergy="0.1500" searchE="true"/>
        <wf matchingOrder="1" trialEnergy="0.1500" searchE="true"/>
        <wf matchingOrder="0" trialEnergy="-1.8784" searchE="true"/>
      </lo>
    </basis>
  </sp>
</spdb>
